Peptide,PCA ESM2 C1,PCA ESM2 C2,Dist from Center,Labels,File Source,Consensus
WFRAFDMEDYSD,-3.536390265,-0.529440294,0.005889840782045869,Cluster 1,PCA ESM2,XXXXXDXXDYA
LDDPADYAVGTK,0.007676597,0.332240332,0.05149182500558124,Cluster 2,PCA ESM2,XXDXXDYXXXX
HHTYDLPDYSFY,4.040582975,-3.28039446,0.035193940653028395,Cluster 3,PCA ESM2,XXXXDXXDYAX
WDVFFPDYSHRP,1.689915579,2.928444024,0.05747058696443369,Cluster 4,PCA ESM2,XXXXXXDXXDY
LDVQDYANVSES,3.088275799,-1.548445143,0.05232644742605802,Cluster 5,PCA ESM2,XDXXDYAXXXX
YLMDLFDYAHKT,2.467252395,4.970148616,0.029714338941524233,Cluster 6,PCA ESM2,XXXDXXDYAXX
